outcome,outcome_desc,spec,spec_desc,slice,slice_desc,treatment,treatment_short,n,coef,se,z,ci_lower_95,ci_upper_95,p_val,sig,p_bonferroni,bonferroni_sig,seconds
selected,Y_1 = selected_by_llm  (binary admission; full SERP pool),A,Spec A (single treatment + 28 confounders),POOLED,all rows (no slicing),treat_stats_density,T1b,200000,-0.000453,0.000308,-1.471639,-0.001057,0.00015,0.141118,,1.0,False,32.3
selected,Y_1 = selected_by_llm  (binary admission; full SERP pool),A,Spec A (single treatment + 28 confounders),POOLED,all rows (no slicing),treat_question_headings,T2a,200000,0.013212,0.00288,4.587764,0.007568,0.018856,4e-06,***,0.000376,True,31.2
selected,Y_1 = selected_by_llm  (binary admission; full SERP pool),A,Spec A (single treatment + 28 confounders),POOLED,all rows (no slicing),treat_structured_data,T3,200000,-0.022827,0.00273,-8.360045,-0.028178,-0.017475,0.0,***,0.0,True,34.9
selected,Y_1 = selected_by_llm  (binary admission; full SERP pool),A,Spec A (single treatment + 28 confounders),POOLED,all rows (no slicing),T4_citation_authority_code,T4_code,185176,0.000852,0.000686,1.241771,-0.000493,0.002197,0.214321,,1.0,False,31.9
selected,Y_1 = selected_by_llm  (binary admission; full SERP pool),A,Spec A (single treatment + 28 confounders),POOLED,all rows (no slicing),treat_topical_comp,T5,200000,0.024901,0.009402,2.648324,0.006472,0.04333,0.008089,**,0.679493,False,32.5
selected,Y_1 = selected_by_llm  (binary admission; full SERP pool),A,Spec A (single treatment + 28 confounders),POOLED,all rows (no slicing),treat_freshness,T6,200000,-0.005283,0.000745,-7.088582,-0.006743,-0.003822,0.0,***,0.0,True,46.1
selected,Y_1 = selected_by_llm  (binary admission; full SERP pool),A,Spec A (single treatment + 28 confounders),POOLED,all rows (no slicing),has_llms_txt,T_llms_txt,200000,0.005727,0.002774,2.064804,0.000291,0.011164,0.038942,*,1.0,False,36.9
selected,Y_1 = selected_by_llm  (binary admission; full SERP pool),A,Spec A (single treatment + 28 confounders),VAR:biased,variant = biased (snippet),treat_stats_density,T1b,55430,-0.001022,0.000486,-2.104204,-0.001974,-7e-05,0.035361,*,1.0,False,14.6
selected,Y_1 = selected_by_llm  (binary admission; full SERP pool),A,Spec A (single treatment + 28 confounders),VAR:biased,variant = biased (snippet),treat_question_headings,T2a,57964,0.017914,0.005338,3.355686,0.007451,0.028377,0.000792,***,0.066501,False,22.4
selected,Y_1 = selected_by_llm  (binary admission; full SERP pool),A,Spec A (single treatment + 28 confounders),VAR:biased,variant = biased (snippet),treat_structured_data,T3,57964,-0.032954,0.005061,-6.511323,-0.042873,-0.023034,0.0,***,0.0,True,16.4
selected,Y_1 = selected_by_llm  (binary admission; full SERP pool),A,Spec A (single treatment + 28 confounders),VAR:biased,variant = biased (snippet),T4_citation_authority_code,T4_code,46294,-0.001472,0.001123,-1.310814,-0.003674,0.000729,0.189921,,1.0,False,35.1
selected,Y_1 = selected_by_llm  (binary admission; full SERP pool),A,Spec A (single treatment + 28 confounders),VAR:biased,variant = biased (snippet),treat_topical_comp,T5,51098,0.015004,0.018711,0.801854,-0.02167,0.051678,0.422638,,1.0,False,17.8
selected,Y_1 = selected_by_llm  (binary admission; full SERP pool),A,Spec A (single treatment + 28 confounders),VAR:biased,variant = biased (snippet),treat_freshness,T6,57964,-0.011433,0.001379,-8.288803,-0.014136,-0.008729,0.0,***,0.0,True,16.0
selected,Y_1 = selected_by_llm  (binary admission; full SERP pool),A,Spec A (single treatment + 28 confounders),VAR:biased,variant = biased (snippet),has_llms_txt,T_llms_txt,52524,0.015354,0.005483,2.800379,0.004608,0.026101,0.005104,**,0.428758,False,15.2
selected,Y_1 = selected_by_llm  (binary admission; full SERP pool),A,Spec A (single treatment + 28 confounders),VAR:neutral,variant = neutral (snippet),treat_stats_density,T1b,55430,0.000578,0.00047,1.22985,-0.000343,0.001499,0.218753,,1.0,False,14.6
selected,Y_1 = selected_by_llm  (binary admission; full SERP pool),A,Spec A (single treatment + 28 confounders),VAR:neutral,variant = neutral (snippet),treat_question_headings,T2a,57964,0.002046,0.004584,0.446401,-0.006938,0.011031,0.655307,,1.0,False,14.6
selected,Y_1 = selected_by_llm  (binary admission; full SERP pool),A,Spec A (single treatment + 28 confounders),VAR:neutral,variant = neutral (snippet),treat_structured_data,T3,57964,-0.008002,0.004385,-1.824743,-0.016597,0.000593,0.06804,·,1.0,False,18.6
selected,Y_1 = selected_by_llm  (binary admission; full SERP pool),A,Spec A (single treatment + 28 confounders),VAR:neutral,variant = neutral (snippet),T4_citation_authority_code,T4_code,46294,0.000463,0.000862,0.537482,-0.001226,0.002153,0.590935,,1.0,False,16.5
selected,Y_1 = selected_by_llm  (binary admission; full SERP pool),A,Spec A (single treatment + 28 confounders),VAR:neutral,variant = neutral (snippet),treat_topical_comp,T5,51098,0.034108,0.015675,2.175963,0.003385,0.064831,0.029558,*,1.0,False,14.0
selected,Y_1 = selected_by_llm  (binary admission; full SERP pool),A,Spec A (single treatment + 28 confounders),VAR:neutral,variant = neutral (snippet),treat_freshness,T6,57964,0.001653,0.001204,1.373042,-0.000706,0.004012,0.169739,,1.0,False,15.9
selected,Y_1 = selected_by_llm  (binary admission; full SERP pool),A,Spec A (single treatment + 28 confounders),VAR:neutral,variant = neutral (snippet),has_llms_txt,T_llms_txt,52524,0.004248,0.00447,0.950253,-0.004514,0.013009,0.341984,,1.0,False,14.5
selected,Y_1 = selected_by_llm  (binary admission; full SERP pool),A,Spec A (single treatment + 28 confounders),VAR:biased_rag,variant = biased (RAG),treat_stats_density,T1b,55430,-0.001496,0.000528,-2.834801,-0.002531,-0.000462,0.004585,**,0.385176,False,15.8
selected,Y_1 = selected_by_llm  (binary admission; full SERP pool),A,Spec A (single treatment + 28 confounders),VAR:biased_rag,variant = biased (RAG),treat_question_headings,T2a,57964,0.018521,0.005458,3.393483,0.007824,0.029218,0.00069,***,0.057968,False,15.8
selected,Y_1 = selected_by_llm  (binary admission; full SERP pool),A,Spec A (single treatment + 28 confounders),VAR:biased_rag,variant = biased (RAG),treat_structured_data,T3,57964,-0.042655,0.005192,-8.215482,-0.052831,-0.032478,0.0,***,0.0,True,14.6
selected,Y_1 = selected_by_llm  (binary admission; full SERP pool),A,Spec A (single treatment + 28 confounders),VAR:biased_rag,variant = biased (RAG),T4_citation_authority_code,T4_code,46294,0.002915,0.001165,2.503084,0.000633,0.005198,0.012312,*,1.0,False,15.1
selected,Y_1 = selected_by_llm  (binary admission; full SERP pool),A,Spec A (single treatment + 28 confounders),VAR:biased_rag,variant = biased (RAG),treat_topical_comp,T5,51098,0.006387,0.018761,0.340457,-0.030384,0.043159,0.733513,,1.0,False,15.3
selected,Y_1 = selected_by_llm  (binary admission; full SERP pool),A,Spec A (single treatment + 28 confounders),VAR:biased_rag,variant = biased (RAG),treat_freshness,T6,57964,-0.015423,0.001414,-10.90586,-0.018195,-0.012651,0.0,***,0.0,True,15.4
selected,Y_1 = selected_by_llm  (binary admission; full SERP pool),A,Spec A (single treatment + 28 confounders),VAR:biased_rag,variant = biased (RAG),has_llms_txt,T_llms_txt,52524,-0.000581,0.005751,-0.101039,-0.011853,0.01069,0.91952,,1.0,False,15.3
selected,Y_1 = selected_by_llm  (binary admission; full SERP pool),A,Spec A (single treatment + 28 confounders),VAR:neutral_rag,variant = neutral (RAG),treat_stats_density,T1b,55430,0.0007,0.000372,1.883037,-2.9e-05,0.001429,0.059695,·,1.0,False,14.1
selected,Y_1 = selected_by_llm  (binary admission; full SERP pool),A,Spec A (single treatment + 28 confounders),VAR:neutral_rag,variant = neutral (RAG),treat_question_headings,T2a,57964,0.009419,0.004572,2.06034,0.000459,0.018379,0.039366,*,1.0,False,15.6
selected,Y_1 = selected_by_llm  (binary admission; full SERP pool),A,Spec A (single treatment + 28 confounders),VAR:neutral_rag,variant = neutral (RAG),treat_structured_data,T3,57964,0.003982,0.004363,0.912525,-0.004571,0.012534,0.361493,,1.0,False,15.0
selected,Y_1 = selected_by_llm  (binary admission; full SERP pool),A,Spec A (single treatment + 28 confounders),VAR:neutral_rag,variant = neutral (RAG),T4_citation_authority_code,T4_code,46294,0.00068,0.000849,0.800864,-0.000985,0.002345,0.42321,,1.0,False,14.6
selected,Y_1 = selected_by_llm  (binary admission; full SERP pool),A,Spec A (single treatment + 28 confounders),VAR:neutral_rag,variant = neutral (RAG),treat_topical_comp,T5,51098,0.040737,0.015486,2.630588,0.010385,0.071089,0.008524,**,0.715994,False,17.0
selected,Y_1 = selected_by_llm  (binary admission; full SERP pool),A,Spec A (single treatment + 28 confounders),VAR:neutral_rag,variant = neutral (RAG),treat_freshness,T6,57964,0.003507,0.001192,2.942443,0.001171,0.005842,0.003256,**,0.273533,False,14.5
selected,Y_1 = selected_by_llm  (binary admission; full SERP pool),A,Spec A (single treatment + 28 confounders),VAR:neutral_rag,variant = neutral (RAG),has_llms_txt,T_llms_txt,52524,-0.001922,0.004595,-0.41814,-0.010929,0.007086,0.675845,,1.0,False,13.4
selected,Y_1 = selected_by_llm  (binary admission; full SERP pool),A,Spec A (single treatment + 28 confounders),ENG:ddg,engine = DuckDuckGo,treat_stats_density,T1b,87008,-4.6e-05,0.00048,-0.095407,-0.000986,0.000894,0.923992,,1.0,False,17.4
selected,Y_1 = selected_by_llm  (binary admission; full SERP pool),A,Spec A (single treatment + 28 confounders),ENG:ddg,engine = DuckDuckGo,treat_question_headings,T2a,89160,0.013142,0.005046,2.604268,0.003251,0.023033,0.009207,**,0.773393,False,17.2
selected,Y_1 = selected_by_llm  (binary admission; full SERP pool),A,Spec A (single treatment + 28 confounders),ENG:ddg,engine = DuckDuckGo,treat_structured_data,T3,89160,-0.0237,0.004852,-4.884447,-0.03321,-0.01419,1e-06,***,8.7e-05,True,18.1
selected,Y_1 = selected_by_llm  (binary admission; full SERP pool),A,Spec A (single treatment + 28 confounders),ENG:ddg,engine = DuckDuckGo,T4_citation_authority_code,T4_code,87984,0.001411,0.000804,1.754383,-0.000165,0.002987,0.079365,·,1.0,False,17.1
selected,Y_1 = selected_by_llm  (binary admission; full SERP pool),A,Spec A (single treatment + 28 confounders),ENG:ddg,engine = DuckDuckGo,treat_topical_comp,T5,52328,0.049362,0.02405,2.052463,0.002224,0.096501,0.040125,*,1.0,False,13.8
selected,Y_1 = selected_by_llm  (binary admission; full SERP pool),A,Spec A (single treatment + 28 confounders),ENG:ddg,engine = DuckDuckGo,treat_freshness,T6,89160,-0.001757,0.001291,-1.360754,-0.004288,0.000774,0.173591,,1.0,False,17.8
selected,Y_1 = selected_by_llm  (binary admission; full SERP pool),A,Spec A (single treatment + 28 confounders),ENG:ddg,engine = DuckDuckGo,has_llms_txt,T_llms_txt,100912,-0.00282,0.00417,-0.676277,-0.010993,0.005353,0.498865,,1.0,False,19.6
selected,Y_1 = selected_by_llm  (binary admission; full SERP pool),A,Spec A (single treatment + 28 confounders),ENG:searxng,engine = SearXNG,treat_stats_density,T1b,134712,-0.000598,0.00042,-1.425516,-0.001421,0.000224,0.154008,,1.0,False,24.0
selected,Y_1 = selected_by_llm  (binary admission; full SERP pool),A,Spec A (single treatment + 28 confounders),ENG:searxng,engine = SearXNG,treat_question_headings,T2a,142696,0.01099,0.00345,3.185794,0.004229,0.017752,0.001444,**,0.12126,False,22.9
selected,Y_1 = selected_by_llm  (binary admission; full SERP pool),A,Spec A (single treatment + 28 confounders),ENG:searxng,engine = SearXNG,treat_structured_data,T3,142696,-0.02449,0.003194,-7.667638,-0.03075,-0.01823,0.0,***,0.0,True,22.3
selected,Y_1 = selected_by_llm  (binary admission; full SERP pool),A,Spec A (single treatment + 28 confounders),ENG:searxng,engine = SearXNG,T4_citation_authority_code,T4_code,97192,-0.001871,0.001201,-1.557531,-0.004226,0.000484,0.119345,,1.0,False,18.7
selected,Y_1 = selected_by_llm  (binary admission; full SERP pool),A,Spec A (single treatment + 28 confounders),ENG:searxng,engine = SearXNG,treat_topical_comp,T5,152064,0.011645,0.010849,1.073338,-0.009619,0.032908,0.28312,,1.0,False,28.2
selected,Y_1 = selected_by_llm  (binary admission; full SERP pool),A,Spec A (single treatment + 28 confounders),ENG:searxng,engine = SearXNG,treat_freshness,T6,142696,-0.009177,0.000876,-10.473023,-0.010894,-0.00746,0.0,***,0.0,True,23.6
selected,Y_1 = selected_by_llm  (binary admission; full SERP pool),A,Spec A (single treatment + 28 confounders),ENG:searxng,engine = SearXNG,has_llms_txt,T_llms_txt,109184,0.010561,0.003837,2.752142,0.00304,0.018082,0.005921,**,0.497337,False,47.6
selected,Y_1 = selected_by_llm  (binary admission; full SERP pool),A,Spec A (single treatment + 28 confounders),MOD:Llama,model  = Llama-3.3-70B-Instruct,treat_stats_density,T1b,110860,-0.000914,0.000386,-2.366121,-0.001671,-0.000157,0.017976,*,1.0,False,25.9
selected,Y_1 = selected_by_llm  (binary admission; full SERP pool),A,Spec A (single treatment + 28 confounders),MOD:Llama,model  = Llama-3.3-70B-Instruct,treat_question_headings,T2a,115928,0.015313,0.003692,4.148137,0.008078,0.022549,3.4e-05,***,0.002816,True,24.8
selected,Y_1 = selected_by_llm  (binary admission; full SERP pool),A,Spec A (single treatment + 28 confounders),MOD:Llama,model  = Llama-3.3-70B-Instruct,treat_structured_data,T3,115928,-0.02091,0.003509,-5.958377,-0.027788,-0.014031,0.0,***,0.0,True,24.9
selected,Y_1 = selected_by_llm  (binary admission; full SERP pool),A,Spec A (single treatment + 28 confounders),MOD:Llama,model  = Llama-3.3-70B-Instruct,T4_citation_authority_code,T4_code,92588,0.000473,0.000875,0.54087,-0.001242,0.002188,0.588597,,1.0,False,22.4
selected,Y_1 = selected_by_llm  (binary admission; full SERP pool),A,Spec A (single treatment + 28 confounders),MOD:Llama,model  = Llama-3.3-70B-Instruct,treat_topical_comp,T5,102196,0.036735,0.012816,2.866386,0.011616,0.061854,0.004152,**,0.348758,False,22.4
selected,Y_1 = selected_by_llm  (binary admission; full SERP pool),A,Spec A (single treatment + 28 confounders),MOD:Llama,model  = Llama-3.3-70B-Instruct,treat_freshness,T6,115928,-0.004767,0.000952,-5.006626,-0.006633,-0.002901,1e-06,***,4.7e-05,True,26.3
selected,Y_1 = selected_by_llm  (binary admission; full SERP pool),A,Spec A (single treatment + 28 confounders),MOD:Llama,model  = Llama-3.3-70B-Instruct,has_llms_txt,T_llms_txt,105048,0.006851,0.003724,1.839464,-0.000449,0.014151,0.065847,·,1.0,False,22.5
selected,Y_1 = selected_by_llm  (binary admission; full SERP pool),A,Spec A (single treatment + 28 confounders),MOD:Qwen2.5,model  = Qwen2.5-72B-Instruct,treat_stats_density,T1b,110860,0.000254,0.000366,0.695649,-0.000462,0.000971,0.486649,,1.0,False,24.2
selected,Y_1 = selected_by_llm  (binary admission; full SERP pool),A,Spec A (single treatment + 28 confounders),MOD:Qwen2.5,model  = Qwen2.5-72B-Instruct,treat_question_headings,T2a,115928,0.010335,0.003759,2.749262,0.002967,0.017704,0.005973,**,0.501729,False,25.5
selected,Y_1 = selected_by_llm  (binary admission; full SERP pool),A,Spec A (single treatment + 28 confounders),MOD:Qwen2.5,model  = Qwen2.5-72B-Instruct,treat_structured_data,T3,115928,-0.022767,0.003582,-6.3557,-0.029788,-0.015746,0.0,***,0.0,True,24.5
selected,Y_1 = selected_by_llm  (binary admission; full SERP pool),A,Spec A (single treatment + 28 confounders),MOD:Qwen2.5,model  = Qwen2.5-72B-Instruct,T4_citation_authority_code,T4_code,92588,0.000909,0.000843,1.079314,-0.000742,0.002561,0.280448,,1.0,False,24.2
selected,Y_1 = selected_by_llm  (binary admission; full SERP pool),A,Spec A (single treatment + 28 confounders),MOD:Qwen2.5,model  = Qwen2.5-72B-Instruct,treat_topical_comp,T5,102196,0.018862,0.013042,1.446332,-0.006699,0.044424,0.148084,,1.0,False,26.3
selected,Y_1 = selected_by_llm  (binary admission; full SERP pool),A,Spec A (single treatment + 28 confounders),MOD:Qwen2.5,model  = Qwen2.5-72B-Instruct,treat_freshness,T6,115928,-0.006037,0.000979,-6.163506,-0.007957,-0.004117,0.0,***,0.0,True,28.6
selected,Y_1 = selected_by_llm  (binary admission; full SERP pool),A,Spec A (single treatment + 28 confounders),MOD:Qwen2.5,model  = Qwen2.5-72B-Instruct,has_llms_txt,T_llms_txt,105048,0.001673,0.003834,0.436186,-0.005843,0.009188,0.662701,,1.0,False,25.4
selected,Y_1 = selected_by_llm  (binary admission; full SERP pool),A,Spec A (single treatment + 28 confounders),POOL:20,pool   = 20 URLs,treat_stats_density,T1b,102896,-0.000704,0.000456,-1.545298,-0.001597,0.000189,0.122274,,1.0,False,25.4
selected,Y_1 = selected_by_llm  (binary admission; full SERP pool),A,Spec A (single treatment + 28 confounders),POOL:20,pool   = 20 URLs,treat_question_headings,T2a,107552,0.011144,0.004086,2.727619,0.003136,0.019152,0.006379,**,0.535863,False,26.4
selected,Y_1 = selected_by_llm  (binary admission; full SERP pool),A,Spec A (single treatment + 28 confounders),POOL:20,pool   = 20 URLs,treat_structured_data,T3,107552,-0.031741,0.003788,-8.378776,-0.039165,-0.024316,0.0,***,0.0,True,32.6
selected,Y_1 = selected_by_llm  (binary admission; full SERP pool),A,Spec A (single treatment + 28 confounders),POOL:20,pool   = 20 URLs,T4_citation_authority_code,T4_code,95016,6.8e-05,0.000915,0.073905,-0.001726,0.001861,0.941086,,1.0,False,31.4
selected,Y_1 = selected_by_llm  (binary admission; full SERP pool),A,Spec A (single treatment + 28 confounders),POOL:20,pool   = 20 URLs,treat_topical_comp,T5,93456,0.028041,0.014983,1.871576,-0.001325,0.057407,0.061265,·,1.0,False,18.2
selected,Y_1 = selected_by_llm  (binary admission; full SERP pool),A,Spec A (single treatment + 28 confounders),POOL:20,pool   = 20 URLs,treat_freshness,T6,107552,-0.008239,0.001037,-7.948297,-0.01027,-0.006207,0.0,***,0.0,True,19.6
selected,Y_1 = selected_by_llm  (binary admission; full SERP pool),A,Spec A (single treatment + 28 confounders),POOL:20,pool   = 20 URLs,has_llms_txt,T_llms_txt,108112,0.000711,0.003732,0.190441,-0.006603,0.008025,0.848963,,1.0,False,20.6
selected,Y_1 = selected_by_llm  (binary admission; full SERP pool),A,Spec A (single treatment + 28 confounders),POOL:50,pool   = 50 URLs,treat_stats_density,T1b,118824,-0.000158,0.000406,-0.388916,-0.000954,0.000638,0.697338,,1.0,False,20.6
selected,Y_1 = selected_by_llm  (binary admission; full SERP pool),A,Spec A (single treatment + 28 confounders),POOL:50,pool   = 50 URLs,treat_question_headings,T2a,124304,0.011213,0.00371,3.02259,0.003942,0.018485,0.002506,**,0.210522,False,21.1
selected,Y_1 = selected_by_llm  (binary admission; full SERP pool),A,Spec A (single treatment + 28 confounders),POOL:50,pool   = 50 URLs,treat_structured_data,T3,124304,-0.013396,0.003525,-3.800592,-0.020304,-0.006487,0.000144,***,0.012125,True,21.7
selected,Y_1 = selected_by_llm  (binary admission; full SERP pool),A,Spec A (single treatment + 28 confounders),POOL:50,pool   = 50 URLs,T4_citation_authority_code,T4_code,90160,0.002052,0.000918,2.235865,0.000253,0.00385,0.025361,*,1.0,False,18.4
selected,Y_1 = selected_by_llm  (binary admission; full SERP pool),A,Spec A (single treatment + 28 confounders),POOL:50,pool   = 50 URLs,treat_topical_comp,T5,110936,0.025889,0.012331,2.0996,0.001721,0.050057,0.035764,*,1.0,False,21.4
selected,Y_1 = selected_by_llm  (binary admission; full SERP pool),A,Spec A (single treatment + 28 confounders),POOL:50,pool   = 50 URLs,treat_freshness,T6,124304,-0.004107,0.000952,-4.31187,-0.005973,-0.00224,1.6e-05,***,0.00136,True,20.7
selected,Y_1 = selected_by_llm  (binary admission; full SERP pool),A,Spec A (single treatment + 28 confounders),POOL:50,pool   = 50 URLs,has_llms_txt,T_llms_txt,101984,0.005793,0.003952,1.465712,-0.001954,0.01354,0.142727,,1.0,False,19.0
selected,Y_1 = selected_by_llm  (binary admission; full SERP pool),B,"Spec B (single + 6 other treatments + 28 confounders, mutually controlled)",POOLED,all rows (no slicing),treat_stats_density,T1b,200000,-0.000442,0.000309,-1.431825,-0.001047,0.000163,0.152194,,1.0,False,31.1
selected,Y_1 = selected_by_llm  (binary admission; full SERP pool),B,"Spec B (single + 6 other treatments + 28 confounders, mutually controlled)",POOLED,all rows (no slicing),treat_question_headings,T2a,200000,0.016179,0.002929,5.524539,0.010439,0.02192,0.0,***,3e-06,True,30.0
selected,Y_1 = selected_by_llm  (binary admission; full SERP pool),B,"Spec B (single + 6 other treatments + 28 confounders, mutually controlled)",POOLED,all rows (no slicing),treat_structured_data,T3,200000,-0.01473,0.00305,-4.829461,-0.020708,-0.008752,1e-06,***,0.000115,True,31.7
selected,Y_1 = selected_by_llm  (binary admission; full SERP pool),B,"Spec B (single + 6 other treatments + 28 confounders, mutually controlled)",POOLED,all rows (no slicing),T4_citation_authority_code,T4_code,185176,0.000917,0.0007,1.310294,-0.000455,0.002288,0.190096,,1.0,False,30.1
selected,Y_1 = selected_by_llm  (binary admission; full SERP pool),B,"Spec B (single + 6 other treatments + 28 confounders, mutually controlled)",POOLED,all rows (no slicing),treat_topical_comp,T5,200000,0.035807,0.00949,3.773063,0.017206,0.054407,0.000161,***,0.013545,True,37.3
selected,Y_1 = selected_by_llm  (binary admission; full SERP pool),B,"Spec B (single + 6 other treatments + 28 confounders, mutually controlled)",POOLED,all rows (no slicing),treat_freshness,T6,200000,-0.004438,0.00082,-5.411626,-0.006046,-0.002831,0.0,***,5e-06,True,38.0
selected,Y_1 = selected_by_llm  (binary admission; full SERP pool),B,"Spec B (single + 6 other treatments + 28 confounders, mutually controlled)",POOLED,all rows (no slicing),has_llms_txt,T_llms_txt,200000,0.007275,0.002799,2.599052,0.001789,0.012762,0.009348,**,0.785246,False,34.5
rank_delta,Y_2 = rank_delta = pre_rank - post_rank  (admitted URLs),A,Spec A (single treatment + 28 confounders),POOLED,all rows (no slicing),treat_stats_density,T1b,200000,-0.004045,0.002639,-1.53288,-0.009217,0.001127,0.125305,,1.0,False,32.9
rank_delta,Y_2 = rank_delta = pre_rank - post_rank  (admitted URLs),A,Spec A (single treatment + 28 confounders),POOLED,all rows (no slicing),treat_question_headings,T2a,200000,0.102212,0.024024,4.25459,0.055125,0.149299,2.1e-05,***,0.001759,True,31.6
rank_delta,Y_2 = rank_delta = pre_rank - post_rank  (admitted URLs),A,Spec A (single treatment + 28 confounders),POOLED,all rows (no slicing),treat_structured_data,T3,200000,-0.121478,0.021641,-5.61331,-0.163894,-0.079061,0.0,***,2e-06,True,29.5
rank_delta,Y_2 = rank_delta = pre_rank - post_rank  (admitted URLs),A,Spec A (single treatment + 28 confounders),POOLED,all rows (no slicing),T4_citation_authority_code,T4_code,200000,-0.024047,0.008535,-2.817543,-0.040775,-0.007319,0.004839,**,0.406498,False,30.3
rank_delta,Y_2 = rank_delta = pre_rank - post_rank  (admitted URLs),A,Spec A (single treatment + 28 confounders),POOLED,all rows (no slicing),treat_topical_comp,T5,200000,-0.492624,0.074039,-6.653533,-0.637742,-0.347507,0.0,***,0.0,True,32.4
rank_delta,Y_2 = rank_delta = pre_rank - post_rank  (admitted URLs),A,Spec A (single treatment + 28 confounders),POOLED,all rows (no slicing),treat_freshness,T6,200000,-0.054787,0.005976,-9.168347,-0.066499,-0.043075,0.0,***,0.0,True,33.0
rank_delta,Y_2 = rank_delta = pre_rank - post_rank  (admitted URLs),A,Spec A (single treatment + 28 confounders),POOLED,all rows (no slicing),has_llms_txt,T_llms_txt,200000,0.044513,0.02396,1.857796,-0.002449,0.091475,0.063198,·,1.0,False,31.9
rank_delta,Y_2 = rank_delta = pre_rank - post_rank  (admitted URLs),A,Spec A (single treatment + 28 confounders),VAR:biased,variant = biased (snippet),treat_stats_density,T1b,54683,0.003749,0.004144,0.904611,-0.004373,0.011871,0.365671,,1.0,False,15.6
rank_delta,Y_2 = rank_delta = pre_rank - post_rank  (admitted URLs),A,Spec A (single treatment + 28 confounders),VAR:biased,variant = biased (snippet),treat_question_headings,T2a,56183,0.045343,0.051273,0.884343,-0.055152,0.145837,0.376511,,1.0,False,15.5
rank_delta,Y_2 = rank_delta = pre_rank - post_rank  (admitted URLs),A,Spec A (single treatment + 28 confounders),VAR:biased,variant = biased (snippet),treat_structured_data,T3,56183,-0.121517,0.04653,-2.611565,-0.212717,-0.030318,0.009013,**,0.757082,False,16.1
rank_delta,Y_2 = rank_delta = pre_rank - post_rank  (admitted URLs),A,Spec A (single treatment + 28 confounders),VAR:biased,variant = biased (snippet),T4_citation_authority_code,T4_code,47616,-0.046507,0.011489,-4.047912,-0.069025,-0.023988,5.2e-05,***,0.004341,True,14.5
rank_delta,Y_2 = rank_delta = pre_rank - post_rank  (admitted URLs),A,Spec A (single treatment + 28 confounders),VAR:biased,variant = biased (snippet),treat_topical_comp,T5,46770,-0.663053,0.174234,-3.80554,-1.004551,-0.321555,0.000141,***,0.011886,True,14.6
rank_delta,Y_2 = rank_delta = pre_rank - post_rank  (admitted URLs),A,Spec A (single treatment + 28 confounders),VAR:biased,variant = biased (snippet),treat_freshness,T6,56183,-0.072502,0.012828,-5.652113,-0.097644,-0.047361,0.0,***,1e-06,True,18.1
rank_delta,Y_2 = rank_delta = pre_rank - post_rank  (admitted URLs),A,Spec A (single treatment + 28 confounders),VAR:biased,variant = biased (snippet),has_llms_txt,T_llms_txt,52054,0.023836,0.053399,0.446375,-0.080826,0.128499,0.655326,,1.0,False,15.7
rank_delta,Y_2 = rank_delta = pre_rank - post_rank  (admitted URLs),A,Spec A (single treatment + 28 confounders),VAR:neutral,variant = neutral (snippet),treat_stats_density,T1b,83750,-0.001432,0.003236,-0.442543,-0.007774,0.00491,0.658096,,1.0,False,19.2
rank_delta,Y_2 = rank_delta = pre_rank - post_rank  (admitted URLs),A,Spec A (single treatment + 28 confounders),VAR:neutral,variant = neutral (snippet),treat_question_headings,T2a,87771,0.103081,0.032086,3.212685,0.040193,0.165969,0.001315,**,0.11046,False,19.2
rank_delta,Y_2 = rank_delta = pre_rank - post_rank  (admitted URLs),A,Spec A (single treatment + 28 confounders),VAR:neutral,variant = neutral (snippet),treat_structured_data,T3,87771,-0.145911,0.029547,-4.938291,-0.203823,-0.087999,1e-06,***,6.6e-05,True,21.4
rank_delta,Y_2 = rank_delta = pre_rank - post_rank  (admitted URLs),A,Spec A (single treatment + 28 confounders),VAR:neutral,variant = neutral (snippet),T4_citation_authority_code,T4_code,65155,-0.006804,0.009214,-0.738439,-0.024864,0.011256,0.460248,,1.0,False,17.1
rank_delta,Y_2 = rank_delta = pre_rank - post_rank  (admitted URLs),A,Spec A (single treatment + 28 confounders),VAR:neutral,variant = neutral (snippet),treat_topical_comp,T5,81896,-0.372182,0.099697,-3.733144,-0.567588,-0.176777,0.000189,***,0.015885,True,19.1
rank_delta,Y_2 = rank_delta = pre_rank - post_rank  (admitted URLs),A,Spec A (single treatment + 28 confounders),VAR:neutral,variant = neutral (snippet),treat_freshness,T6,87771,-0.0651,0.008083,-8.053729,-0.080943,-0.049257,0.0,***,0.0,True,19.6
rank_delta,Y_2 = rank_delta = pre_rank - post_rank  (admitted URLs),A,Spec A (single treatment + 28 confounders),VAR:neutral,variant = neutral (snippet),has_llms_txt,T_llms_txt,73990,0.055842,0.033271,1.678401,-0.009369,0.121054,0.093269,·,1.0,False,17.4
rank_delta,Y_2 = rank_delta = pre_rank - post_rank  (admitted URLs),A,Spec A (single treatment + 28 confounders),VAR:biased_rag,variant = biased (RAG),treat_stats_density,T1b,47640,0.000966,0.004536,0.213052,-0.007925,0.009857,0.831287,,1.0,False,12.1
rank_delta,Y_2 = rank_delta = pre_rank - post_rank  (admitted URLs),A,Spec A (single treatment + 28 confounders),VAR:biased_rag,variant = biased (RAG),treat_question_headings,T2a,48952,0.164542,0.055145,2.983806,0.056458,0.272626,0.002847,**,0.239137,False,15.0
rank_delta,Y_2 = rank_delta = pre_rank - post_rank  (admitted URLs),A,Spec A (single treatment + 28 confounders),VAR:biased_rag,variant = biased (RAG),treat_structured_data,T3,48952,-0.14917,0.04835,-3.085217,-0.243936,-0.054404,0.002034,**,0.170859,False,24.5
rank_delta,Y_2 = rank_delta = pre_rank - post_rank  (admitted URLs),A,Spec A (single treatment + 28 confounders),VAR:biased_rag,variant = biased (RAG),T4_citation_authority_code,T4_code,43443,-0.030895,0.011793,-2.619767,-0.05401,-0.007781,0.008799,**,0.739114,False,26.5
rank_delta,Y_2 = rank_delta = pre_rank - post_rank  (admitted URLs),A,Spec A (single treatment + 28 confounders),VAR:biased_rag,variant = biased (RAG),treat_topical_comp,T5,39092,-0.337809,0.191742,-1.761794,-0.713623,0.038004,0.078104,·,1.0,False,13.6
rank_delta,Y_2 = rank_delta = pre_rank - post_rank  (admitted URLs),A,Spec A (single treatment + 28 confounders),VAR:biased_rag,variant = biased (RAG),treat_freshness,T6,48952,-0.060036,0.01358,-4.420884,-0.086653,-0.033419,1e-05,***,0.000826,True,19.8
rank_delta,Y_2 = rank_delta = pre_rank - post_rank  (admitted URLs),A,Spec A (single treatment + 28 confounders),VAR:biased_rag,variant = biased (RAG),has_llms_txt,T_llms_txt,47190,0.030513,0.054439,0.560504,-0.076187,0.137214,0.575136,,1.0,False,19.2
rank_delta,Y_2 = rank_delta = pre_rank - post_rank  (admitted URLs),A,Spec A (single treatment + 28 confounders),VAR:neutral_rag,variant = neutral (RAG),treat_stats_density,T1b,64804,-0.001583,0.002763,-0.572748,-0.006999,0.003833,0.566816,,1.0,False,28.7
rank_delta,Y_2 = rank_delta = pre_rank - post_rank  (admitted URLs),A,Spec A (single treatment + 28 confounders),VAR:neutral_rag,variant = neutral (RAG),treat_question_headings,T2a,67909,0.165381,0.032022,5.164666,0.102618,0.228143,0.0,***,2e-05,True,49.0
rank_delta,Y_2 = rank_delta = pre_rank - post_rank  (admitted URLs),A,Spec A (single treatment + 28 confounders),VAR:neutral_rag,variant = neutral (RAG),treat_structured_data,T3,67909,-0.092206,0.029354,-3.141174,-0.14974,-0.034672,0.001683,**,0.141348,False,51.4
rank_delta,Y_2 = rank_delta = pre_rank - post_rank  (admitted URLs),A,Spec A (single treatment + 28 confounders),VAR:neutral_rag,variant = neutral (RAG),T4_citation_authority_code,T4_code,53281,-0.000321,0.007628,-0.042085,-0.015272,0.01463,0.966431,,1.0,False,53.3
rank_delta,Y_2 = rank_delta = pre_rank - post_rank  (admitted URLs),A,Spec A (single treatment + 28 confounders),VAR:neutral_rag,variant = neutral (RAG),treat_topical_comp,T5,59333,-0.332532,0.10295,-3.230019,-0.534314,-0.130749,0.001238,**,0.103977,False,56.9
rank_delta,Y_2 = rank_delta = pre_rank - post_rank  (admitted URLs),A,Spec A (single treatment + 28 confounders),VAR:neutral_rag,variant = neutral (RAG),treat_freshness,T6,67909,-0.04159,0.007946,-5.233875,-0.057164,-0.026015,0.0,***,1.4e-05,True,52.8
rank_delta,Y_2 = rank_delta = pre_rank - post_rank  (admitted URLs),A,Spec A (single treatment + 28 confounders),VAR:neutral_rag,variant = neutral (RAG),has_llms_txt,T_llms_txt,60303,0.083282,0.031608,2.634862,0.021331,0.145233,0.008417,**,0.70704,False,52.8
rank_delta,Y_2 = rank_delta = pre_rank - post_rank  (admitted URLs),A,Spec A (single treatment + 28 confounders),ENG:ddg,engine = DuckDuckGo,treat_stats_density,T1b,86258,0.000667,0.004819,0.138358,-0.008778,0.010112,0.889958,,1.0,False,58.2
rank_delta,Y_2 = rank_delta = pre_rank - post_rank  (admitted URLs),A,Spec A (single treatment + 28 confounders),ENG:ddg,engine = DuckDuckGo,treat_question_headings,T2a,88321,-0.055393,0.046146,-1.200368,-0.14584,0.035054,0.229996,,1.0,False,57.9
rank_delta,Y_2 = rank_delta = pre_rank - post_rank  (admitted URLs),A,Spec A (single treatment + 28 confounders),ENG:ddg,engine = DuckDuckGo,treat_structured_data,T3,88321,-0.258726,0.042574,-6.077082,-0.342171,-0.175281,0.0,***,0.0,True,61.3
rank_delta,Y_2 = rank_delta = pre_rank - post_rank  (admitted URLs),A,Spec A (single treatment + 28 confounders),ENG:ddg,engine = DuckDuckGo,T4_citation_authority_code,T4_code,82765,-0.003499,0.010985,-0.318557,-0.02503,0.018031,0.750062,,1.0,False,58.0
rank_delta,Y_2 = rank_delta = pre_rank - post_rank  (admitted URLs),A,Spec A (single treatment + 28 confounders),ENG:ddg,engine = DuckDuckGo,treat_topical_comp,T5,47884,-1.387784,0.226898,-6.116337,-1.832504,-0.943064,0.0,***,0.0,True,52.2
rank_delta,Y_2 = rank_delta = pre_rank - post_rank  (admitted URLs),A,Spec A (single treatment + 28 confounders),ENG:ddg,engine = DuckDuckGo,treat_freshness,T6,88321,-0.110699,0.011155,-9.923816,-0.132562,-0.088835,0.0,***,0.0,True,57.7
rank_delta,Y_2 = rank_delta = pre_rank - post_rank  (admitted URLs),A,Spec A (single treatment + 28 confounders),ENG:ddg,engine = DuckDuckGo,has_llms_txt,T_llms_txt,93526,-0.018479,0.039604,-0.466606,-0.096103,0.059144,0.640782,,1.0,False,57.7
rank_delta,Y_2 = rank_delta = pre_rank - post_rank  (admitted URLs),A,Spec A (single treatment + 28 confounders),ENG:searxng,engine = SearXNG,treat_stats_density,T1b,164619,-0.000992,0.002858,-0.346935,-0.006594,0.00461,0.72864,,1.0,False,61.7
rank_delta,Y_2 = rank_delta = pre_rank - post_rank  (admitted URLs),A,Spec A (single treatment + 28 confounders),ENG:searxng,engine = SearXNG,treat_question_headings,T2a,172494,0.229867,0.024076,9.547729,0.182679,0.277055,0.0,***,0.0,True,72.6
rank_delta,Y_2 = rank_delta = pre_rank - post_rank  (admitted URLs),A,Spec A (single treatment + 28 confounders),ENG:searxng,engine = SearXNG,treat_structured_data,T3,172494,-0.033607,0.021501,-1.563004,-0.075749,0.008536,0.118052,,1.0,False,71.4
rank_delta,Y_2 = rank_delta = pre_rank - post_rank  (admitted URLs),A,Spec A (single treatment + 28 confounders),ENG:searxng,engine = SearXNG,T4_citation_authority_code,T4_code,126730,-0.056192,0.010404,-5.400822,-0.076584,-0.035799,0.0,***,6e-06,True,62.1
rank_delta,Y_2 = rank_delta = pre_rank - post_rank  (admitted URLs),A,Spec A (single treatment + 28 confounders),ENG:searxng,engine = SearXNG,treat_topical_comp,T5,179207,-0.164816,0.0737,-2.236304,-0.309268,-0.020364,0.025332,*,1.0,False,73.8
rank_delta,Y_2 = rank_delta = pre_rank - post_rank  (admitted URLs),A,Spec A (single treatment + 28 confounders),ENG:searxng,engine = SearXNG,treat_freshness,T6,172494,-0.027917,0.006032,-4.628386,-0.039739,-0.016095,4e-06,***,0.00031,True,76.7
rank_delta,Y_2 = rank_delta = pre_rank - post_rank  (admitted URLs),A,Spec A (single treatment + 28 confounders),ENG:searxng,engine = SearXNG,has_llms_txt,T_llms_txt,140011,0.101808,0.02827,3.601253,0.046398,0.157217,0.000317,***,0.026602,True,65.3
rank_delta,Y_2 = rank_delta = pre_rank - post_rank  (admitted URLs),A,Spec A (single treatment + 28 confounders),MOD:Llama,model  = Llama-3.3-70B-Instruct,treat_stats_density,T1b,124403,0.002345,0.003018,0.777069,-0.00357,0.008259,0.437118,,1.0,False,62.0
rank_delta,Y_2 = rank_delta = pre_rank - post_rank  (admitted URLs),A,Spec A (single treatment + 28 confounders),MOD:Llama,model  = Llama-3.3-70B-Instruct,treat_question_headings,T2a,129382,0.09279,0.031181,2.975826,0.031675,0.153905,0.002922,**,0.245448,False,65.0
rank_delta,Y_2 = rank_delta = pre_rank - post_rank  (admitted URLs),A,Spec A (single treatment + 28 confounders),MOD:Llama,model  = Llama-3.3-70B-Instruct,treat_structured_data,T3,129382,-0.138019,0.028199,-4.894484,-0.193288,-0.082749,1e-06,***,8.3e-05,True,26.0
rank_delta,Y_2 = rank_delta = pre_rank - post_rank  (admitted URLs),A,Spec A (single treatment + 28 confounders),MOD:Llama,model  = Llama-3.3-70B-Instruct,T4_citation_authority_code,T4_code,104381,-0.018058,0.010553,-1.711101,-0.038742,0.002627,0.087063,·,1.0,False,21.3
rank_delta,Y_2 = rank_delta = pre_rank - post_rank  (admitted URLs),A,Spec A (single treatment + 28 confounders),MOD:Llama,model  = Llama-3.3-70B-Instruct,treat_topical_comp,T5,111772,-0.613589,0.100467,-6.107388,-0.810504,-0.416674,0.0,***,0.0,True,23.8
rank_delta,Y_2 = rank_delta = pre_rank - post_rank  (admitted URLs),A,Spec A (single treatment + 28 confounders),MOD:Llama,model  = Llama-3.3-70B-Instruct,treat_freshness,T6,129382,-0.066863,0.007679,-8.706777,-0.081915,-0.051811,0.0,***,0.0,True,22.2
rank_delta,Y_2 = rank_delta = pre_rank - post_rank  (admitted URLs),A,Spec A (single treatment + 28 confounders),MOD:Llama,model  = Llama-3.3-70B-Instruct,has_llms_txt,T_llms_txt,116085,0.058257,0.032636,1.785045,-0.00571,0.122223,0.074254,·,1.0,False,18.7
rank_delta,Y_2 = rank_delta = pre_rank - post_rank  (admitted URLs),A,Spec A (single treatment + 28 confounders),MOD:Qwen2.5,model  = Qwen2.5-72B-Instruct,treat_stats_density,T1b,126474,-0.006355,0.002958,-2.14878,-0.012152,-0.000558,0.031652,*,1.0,False,21.2
rank_delta,Y_2 = rank_delta = pre_rank - post_rank  (admitted URLs),A,Spec A (single treatment + 28 confounders),MOD:Qwen2.5,model  = Qwen2.5-72B-Instruct,treat_question_headings,T2a,131433,0.121215,0.027715,4.373531,0.066892,0.175537,1.2e-05,***,0.001027,True,20.6
rank_delta,Y_2 = rank_delta = pre_rank - post_rank  (admitted URLs),A,Spec A (single treatment + 28 confounders),MOD:Qwen2.5,model  = Qwen2.5-72B-Instruct,treat_structured_data,T3,131433,-0.126599,0.02531,-5.001946,-0.176207,-0.076992,1e-06,***,4.8e-05,True,20.9
rank_delta,Y_2 = rank_delta = pre_rank - post_rank  (admitted URLs),A,Spec A (single treatment + 28 confounders),MOD:Qwen2.5,model  = Qwen2.5-72B-Instruct,T4_citation_authority_code,T4_code,105114,-0.031054,0.007469,-4.157708,-0.045693,-0.016415,3.2e-05,***,0.0027,True,17.5
rank_delta,Y_2 = rank_delta = pre_rank - post_rank  (admitted URLs),A,Spec A (single treatment + 28 confounders),MOD:Qwen2.5,model  = Qwen2.5-72B-Instruct,treat_topical_comp,T5,115319,-0.294131,0.090119,-3.263806,-0.470764,-0.117498,0.001099,**,0.092338,False,18.9
rank_delta,Y_2 = rank_delta = pre_rank - post_rank  (admitted URLs),A,Spec A (single treatment + 28 confounders),MOD:Qwen2.5,model  = Qwen2.5-72B-Instruct,treat_freshness,T6,131433,-0.054098,0.006976,-7.755235,-0.06777,-0.040426,0.0,***,0.0,True,21.0
rank_delta,Y_2 = rank_delta = pre_rank - post_rank  (admitted URLs),A,Spec A (single treatment + 28 confounders),MOD:Qwen2.5,model  = Qwen2.5-72B-Instruct,has_llms_txt,T_llms_txt,117452,0.029382,0.029268,1.003892,-0.027983,0.086746,0.315431,,1.0,False,19.0
rank_delta,Y_2 = rank_delta = pre_rank - post_rank  (admitted URLs),A,Spec A (single treatment + 28 confounders),POOL:20,pool   = 20 URLs,treat_stats_density,T1b,112637,-0.006066,0.003222,-1.882617,-0.012382,0.000249,0.059752,·,1.0,False,18.6
rank_delta,Y_2 = rank_delta = pre_rank - post_rank  (admitted URLs),A,Spec A (single treatment + 28 confounders),POOL:20,pool   = 20 URLs,treat_question_headings,T2a,116981,0.228074,0.029684,7.683404,0.169893,0.286254,0.0,***,0.0,True,18.8
rank_delta,Y_2 = rank_delta = pre_rank - post_rank  (admitted URLs),A,Spec A (single treatment + 28 confounders),POOL:20,pool   = 20 URLs,treat_structured_data,T3,116981,-0.002245,0.026241,-0.085569,-0.053678,0.049188,0.931809,,1.0,False,20.2
rank_delta,Y_2 = rank_delta = pre_rank - post_rank  (admitted URLs),A,Spec A (single treatment + 28 confounders),POOL:20,pool   = 20 URLs,T4_citation_authority_code,T4_code,105269,-0.026906,0.007562,-3.558126,-0.041727,-0.012085,0.000374,***,0.031375,True,17.9
rank_delta,Y_2 = rank_delta = pre_rank - post_rank  (admitted URLs),A,Spec A (single treatment + 28 confounders),POOL:20,pool   = 20 URLs,treat_topical_comp,T5,99674,0.061568,0.103009,0.597694,-0.14033,0.263467,0.550044,,1.0,False,17.0
rank_delta,Y_2 = rank_delta = pre_rank - post_rank  (admitted URLs),A,Spec A (single treatment + 28 confounders),POOL:20,pool   = 20 URLs,treat_freshness,T6,116981,-0.018511,0.007318,-2.52968,-0.032854,-0.004169,0.011417,*,0.958999,False,21.2
rank_delta,Y_2 = rank_delta = pre_rank - post_rank  (admitted URLs),A,Spec A (single treatment + 28 confounders),POOL:20,pool   = 20 URLs,has_llms_txt,T_llms_txt,117413,0.121401,0.028538,4.253941,0.065466,0.177336,2.1e-05,***,0.001764,True,18.0
rank_delta,Y_2 = rank_delta = pre_rank - post_rank  (admitted URLs),A,Spec A (single treatment + 28 confounders),POOL:50,pool   = 50 URLs,treat_stats_density,T1b,138240,0.004058,0.003487,1.163682,-0.002777,0.010893,0.244553,,1.0,False,24.7
rank_delta,Y_2 = rank_delta = pre_rank - post_rank  (admitted URLs),A,Spec A (single treatment + 28 confounders),POOL:50,pool   = 50 URLs,treat_question_headings,T2a,143834,0.054042,0.02995,1.804424,-0.004659,0.112743,0.071165,·,1.0,False,27.0
rank_delta,Y_2 = rank_delta = pre_rank - post_rank  (admitted URLs),A,Spec A (single treatment + 28 confounders),POOL:50,pool   = 50 URLs,treat_structured_data,T3,143834,-0.207248,0.027151,-7.63311,-0.260465,-0.154032,0.0,***,0.0,True,27.5
rank_delta,Y_2 = rank_delta = pre_rank - post_rank  (admitted URLs),A,Spec A (single treatment + 28 confounders),POOL:50,pool   = 50 URLs,T4_citation_authority_code,T4_code,104226,-0.023152,0.015625,-1.481712,-0.053777,0.007473,0.138417,,1.0,False,22.4
rank_delta,Y_2 = rank_delta = pre_rank - post_rank  (admitted URLs),A,Spec A (single treatment + 28 confounders),POOL:50,pool   = 50 URLs,treat_topical_comp,T5,127417,-0.726983,0.096316,-7.547912,-0.915762,-0.538204,0.0,***,0.0,True,23.0
rank_delta,Y_2 = rank_delta = pre_rank - post_rank  (admitted URLs),A,Spec A (single treatment + 28 confounders),POOL:50,pool   = 50 URLs,treat_freshness,T6,143834,-0.082867,0.007348,-11.277485,-0.09727,-0.068465,0.0,***,0.0,True,26.9
rank_delta,Y_2 = rank_delta = pre_rank - post_rank  (admitted URLs),A,Spec A (single treatment + 28 confounders),POOL:50,pool   = 50 URLs,has_llms_txt,T_llms_txt,116124,0.021091,0.034148,0.617625,-0.045839,0.08802,0.536822,,1.0,False,22.9
rank_delta,Y_2 = rank_delta = pre_rank - post_rank  (admitted URLs),B,"Spec B (single + 6 other treatments + 28 confounders, mutually controlled)",POOLED,all rows (no slicing),treat_stats_density,T1b,200000,-0.001892,0.002663,-0.710652,-0.007112,0.003327,0.4773,,1.0,False,44.5
rank_delta,Y_2 = rank_delta = pre_rank - post_rank  (admitted URLs),B,"Spec B (single + 6 other treatments + 28 confounders, mutually controlled)",POOLED,all rows (no slicing),treat_question_headings,T2a,200000,0.142616,0.024354,5.855834,0.094881,0.19035,0.0,***,0.0,True,46.9
rank_delta,Y_2 = rank_delta = pre_rank - post_rank  (admitted URLs),B,"Spec B (single + 6 other treatments + 28 confounders, mutually controlled)",POOLED,all rows (no slicing),treat_structured_data,T3,200000,-0.047995,0.02451,-1.958156,-0.096036,4.5e-05,0.050212,·,1.0,False,56.8
rank_delta,Y_2 = rank_delta = pre_rank - post_rank  (admitted URLs),B,"Spec B (single + 6 other treatments + 28 confounders, mutually controlled)",POOLED,all rows (no slicing),T4_citation_authority_code,T4_code,200000,-0.02524,0.008721,-2.894252,-0.042332,-0.008147,0.003801,**,0.319253,False,82.2
rank_delta,Y_2 = rank_delta = pre_rank - post_rank  (admitted URLs),B,"Spec B (single + 6 other treatments + 28 confounders, mutually controlled)",POOLED,all rows (no slicing),treat_topical_comp,T5,200000,-0.507785,0.074462,-6.819411,-0.65373,-0.36184,0.0,***,0.0,True,77.2
rank_delta,Y_2 = rank_delta = pre_rank - post_rank  (admitted URLs),B,"Spec B (single + 6 other treatments + 28 confounders, mutually controlled)",POOLED,all rows (no slicing),treat_freshness,T6,200000,-0.059611,0.006607,-9.022307,-0.072561,-0.046661,0.0,***,0.0,True,81.8
rank_delta,Y_2 = rank_delta = pre_rank - post_rank  (admitted URLs),B,"Spec B (single + 6 other treatments + 28 confounders, mutually controlled)",POOLED,all rows (no slicing),has_llms_txt,T_llms_txt,200000,0.076168,0.024092,3.161554,0.028948,0.123388,0.001569,**,0.131821,False,83.2
post_rank,Y_3 = post_rank  (admitted URLs; LOWER number = better),A,Spec A (single treatment + 28 confounders),POOLED,all rows (no slicing),treat_stats_density,T1b,200000,-0.002723,0.001845,-1.475432,-0.00634,0.000894,0.140096,,1.0,False,77.3
post_rank,Y_3 = post_rank  (admitted URLs; LOWER number = better),A,Spec A (single treatment + 28 confounders),POOLED,all rows (no slicing),treat_question_headings,T2a,200000,-0.053371,0.018401,-2.900446,-0.089438,-0.017305,0.003726,**,0.313011,False,76.0
post_rank,Y_3 = post_rank  (admitted URLs; LOWER number = better),A,Spec A (single treatment + 28 confounders),POOLED,all rows (no slicing),treat_structured_data,T3,200000,0.107053,0.017206,6.221901,0.07333,0.140777,0.0,***,0.0,True,41.8
post_rank,Y_3 = post_rank  (admitted URLs; LOWER number = better),A,Spec A (single treatment + 28 confounders),POOLED,all rows (no slicing),T4_citation_authority_code,T4_code,200000,-0.019617,0.00646,-3.036713,-0.032278,-0.006955,0.002392,**,0.200905,False,31.4
post_rank,Y_3 = post_rank  (admitted URLs; LOWER number = better),A,Spec A (single treatment + 28 confounders),POOLED,all rows (no slicing),treat_topical_comp,T5,200000,-0.214238,0.059501,-3.60055,-0.330861,-0.097615,0.000318,***,0.026674,True,29.1
post_rank,Y_3 = post_rank  (admitted URLs; LOWER number = better),A,Spec A (single treatment + 28 confounders),POOLED,all rows (no slicing),treat_freshness,T6,200000,0.012184,0.004742,2.569645,0.002891,0.021478,0.01018,*,0.855144,False,27.9
post_rank,Y_3 = post_rank  (admitted URLs; LOWER number = better),A,Spec A (single treatment + 28 confounders),POOLED,all rows (no slicing),has_llms_txt,T_llms_txt,200000,-0.018802,0.019575,-0.960514,-0.05717,0.019565,0.336797,,1.0,False,26.7
post_rank,Y_3 = post_rank  (admitted URLs; LOWER number = better),A,Spec A (single treatment + 28 confounders),VAR:biased,variant = biased (snippet),treat_stats_density,T1b,64977,-0.000386,0.00257,-0.150245,-0.005424,0.004652,0.880571,,1.0,False,15.6
post_rank,Y_3 = post_rank  (admitted URLs; LOWER number = better),A,Spec A (single treatment + 28 confounders),VAR:biased,variant = biased (snippet),treat_question_headings,T2a,67034,0.013511,0.029968,0.450842,-0.045226,0.072248,0.652104,,1.0,False,16.1
post_rank,Y_3 = post_rank  (admitted URLs; LOWER number = better),A,Spec A (single treatment + 28 confounders),VAR:biased,variant = biased (snippet),treat_structured_data,T3,67034,0.114917,0.028044,4.097715,0.05995,0.169883,4.2e-05,***,0.003505,True,14.5
post_rank,Y_3 = post_rank  (admitted URLs; LOWER number = better),A,Spec A (single treatment + 28 confounders),VAR:biased,variant = biased (snippet),T4_citation_authority_code,T4_code,47616,0.006077,0.008344,0.728359,-0.010277,0.022431,0.466394,,1.0,False,13.5
post_rank,Y_3 = post_rank  (admitted URLs; LOWER number = better),A,Spec A (single treatment + 28 confounders),VAR:biased,variant = biased (snippet),treat_topical_comp,T5,53449,-0.106365,0.106879,-0.995191,-0.315848,0.103118,0.319643,,1.0,False,14.6
post_rank,Y_3 = post_rank  (admitted URLs; LOWER number = better),A,Spec A (single treatment + 28 confounders),VAR:biased,variant = biased (snippet),treat_freshness,T6,67034,0.038186,0.007751,4.926663,0.022994,0.053377,1e-06,***,7e-05,True,14.2
post_rank,Y_3 = post_rank  (admitted URLs; LOWER number = better),A,Spec A (single treatment + 28 confounders),VAR:biased,variant = biased (snippet),has_llms_txt,T_llms_txt,52054,-0.031076,0.035289,-0.880618,-0.100243,0.038091,0.378524,,1.0,False,13.3
post_rank,Y_3 = post_rank  (admitted URLs; LOWER number = better),A,Spec A (single treatment + 28 confounders),VAR:neutral,variant = neutral (snippet),treat_stats_density,T1b,85958,-0.002548,0.002564,-0.993787,-0.007574,0.002477,0.320326,,1.0,False,15.9
post_rank,Y_3 = post_rank  (admitted URLs; LOWER number = better),A,Spec A (single treatment + 28 confounders),VAR:neutral,variant = neutral (snippet),treat_question_headings,T2a,90099,-0.039175,0.027397,-1.429918,-0.092873,0.014523,0.15274,,1.0,False,17.3
post_rank,Y_3 = post_rank  (admitted URLs; LOWER number = better),A,Spec A (single treatment + 28 confounders),VAR:neutral,variant = neutral (snippet),treat_structured_data,T3,90099,0.099068,0.026257,3.773043,0.047605,0.150532,0.000161,***,0.013547,True,16.7
post_rank,Y_3 = post_rank  (admitted URLs; LOWER number = better),A,Spec A (single treatment + 28 confounders),VAR:neutral,variant = neutral (snippet),T4_citation_authority_code,T4_code,65155,-0.016854,0.0078,-2.160741,-0.032142,-0.001566,0.030715,*,1.0,False,14.8
post_rank,Y_3 = post_rank  (admitted URLs; LOWER number = better),A,Spec A (single treatment + 28 confounders),VAR:neutral,variant = neutral (snippet),treat_topical_comp,T5,83113,-0.108085,0.090313,-1.196786,-0.285099,0.068928,0.23139,,1.0,False,16.4
post_rank,Y_3 = post_rank  (admitted URLs; LOWER number = better),A,Spec A (single treatment + 28 confounders),VAR:neutral,variant = neutral (snippet),treat_freshness,T6,90099,0.010917,0.007191,1.518263,-0.003176,0.025011,0.128948,,1.0,False,17.3
post_rank,Y_3 = post_rank  (admitted URLs; LOWER number = better),A,Spec A (single treatment + 28 confounders),VAR:neutral,variant = neutral (snippet),has_llms_txt,T_llms_txt,73990,0.034567,0.032043,1.078742,-0.028239,0.097372,0.280703,,1.0,False,16.5
post_rank,Y_3 = post_rank  (admitted URLs; LOWER number = better),A,Spec A (single treatment + 28 confounders),VAR:biased_rag,variant = biased (RAG),treat_stats_density,T1b,60283,-0.004692,0.002817,-1.665894,-0.010213,0.000828,0.095735,·,1.0,False,14.1
post_rank,Y_3 = post_rank  (admitted URLs; LOWER number = better),A,Spec A (single treatment + 28 confounders),VAR:biased_rag,variant = biased (RAG),treat_question_headings,T2a,62162,-0.067393,0.031989,-2.106776,-0.13009,-0.004695,0.035137,*,1.0,False,14.6
post_rank,Y_3 = post_rank  (admitted URLs; LOWER number = better),A,Spec A (single treatment + 28 confounders),VAR:biased_rag,variant = biased (RAG),treat_structured_data,T3,62162,0.080675,0.029942,2.694341,0.021988,0.139362,0.007053,**,0.592434,False,14.8
post_rank,Y_3 = post_rank  (admitted URLs; LOWER number = better),A,Spec A (single treatment + 28 confounders),VAR:biased_rag,variant = biased (RAG),T4_citation_authority_code,T4_code,43443,0.001134,0.008706,0.1303,-0.01593,0.018199,0.896329,,1.0,False,12.6
post_rank,Y_3 = post_rank  (admitted URLs; LOWER number = better),A,Spec A (single treatment + 28 confounders),VAR:biased_rag,variant = biased (RAG),treat_topical_comp,T5,46890,-0.408526,0.116877,-3.495355,-0.637605,-0.179448,0.000473,***,0.039768,True,13.4
post_rank,Y_3 = post_rank  (admitted URLs; LOWER number = better),A,Spec A (single treatment + 28 confounders),VAR:biased_rag,variant = biased (RAG),treat_freshness,T6,62162,0.014739,0.008292,1.777553,-0.001513,0.030991,0.075477,·,1.0,False,13.8
post_rank,Y_3 = post_rank  (admitted URLs; LOWER number = better),A,Spec A (single treatment + 28 confounders),VAR:biased_rag,variant = biased (RAG),has_llms_txt,T_llms_txt,47190,-0.057442,0.037342,-1.538269,-0.130632,0.015748,0.123983,,1.0,False,12.8
post_rank,Y_3 = post_rank  (admitted URLs; LOWER number = better),A,Spec A (single treatment + 28 confounders),VAR:neutral_rag,variant = neutral (RAG),treat_stats_density,T1b,66908,-0.000854,0.002637,-0.323789,-0.006022,0.004315,0.746098,,1.0,False,15.2
post_rank,Y_3 = post_rank  (admitted URLs; LOWER number = better),A,Spec A (single treatment + 28 confounders),VAR:neutral_rag,variant = neutral (RAG),treat_question_headings,T2a,70121,-0.070773,0.030914,-2.289306,-0.131365,-0.01018,0.022062,*,1.0,False,15.4
post_rank,Y_3 = post_rank  (admitted URLs; LOWER number = better),A,Spec A (single treatment + 28 confounders),VAR:neutral_rag,variant = neutral (RAG),treat_structured_data,T3,70121,0.122255,0.029042,4.209625,0.065333,0.179177,2.6e-05,***,0.002149,True,15.3
post_rank,Y_3 = post_rank  (admitted URLs; LOWER number = better),A,Spec A (single treatment + 28 confounders),VAR:neutral_rag,variant = neutral (RAG),T4_citation_authority_code,T4_code,53281,-0.014055,0.007749,-1.813769,-0.029243,0.001133,0.069713,·,1.0,False,12.9
post_rank,Y_3 = post_rank  (admitted URLs; LOWER number = better),A,Spec A (single treatment + 28 confounders),VAR:neutral_rag,variant = neutral (RAG),treat_topical_comp,T5,60241,-0.295747,0.104113,-2.84064,-0.499808,-0.091686,0.004502,**,0.378194,False,14.5
post_rank,Y_3 = post_rank  (admitted URLs; LOWER number = better),A,Spec A (single treatment + 28 confounders),VAR:neutral_rag,variant = neutral (RAG),treat_freshness,T6,70121,0.00229,0.008014,0.285682,-0.013419,0.017998,0.775122,,1.0,False,17.5
post_rank,Y_3 = post_rank  (admitted URLs; LOWER number = better),A,Spec A (single treatment + 28 confounders),VAR:neutral_rag,variant = neutral (RAG),has_llms_txt,T_llms_txt,60303,-0.025166,0.034346,-0.732734,-0.092484,0.042152,0.463721,,1.0,False,21.2
post_rank,Y_3 = post_rank  (admitted URLs; LOWER number = better),A,Spec A (single treatment + 28 confounders),ENG:ddg,engine = DuckDuckGo,treat_stats_density,T1b,99103,0.004612,0.002833,1.628041,-0.00094,0.010165,0.103516,,1.0,False,25.7
post_rank,Y_3 = post_rank  (admitted URLs; LOWER number = better),A,Spec A (single treatment + 28 confounders),ENG:ddg,engine = DuckDuckGo,treat_question_headings,T2a,101894,-0.010013,0.028844,-0.347153,-0.066548,0.046521,0.728476,,1.0,False,25.3
post_rank,Y_3 = post_rank  (admitted URLs; LOWER number = better),A,Spec A (single treatment + 28 confounders),ENG:ddg,engine = DuckDuckGo,treat_structured_data,T3,101894,0.017347,0.027381,0.633536,-0.03632,0.071013,0.526384,,1.0,False,25.9
post_rank,Y_3 = post_rank  (admitted URLs; LOWER number = better),A,Spec A (single treatment + 28 confounders),ENG:ddg,engine = DuckDuckGo,T4_citation_authority_code,T4_code,82765,-0.006075,0.007645,-0.794576,-0.021059,0.00891,0.42686,,1.0,False,39.3
post_rank,Y_3 = post_rank  (admitted URLs; LOWER number = better),A,Spec A (single treatment + 28 confounders),ENG:ddg,engine = DuckDuckGo,treat_topical_comp,T5,50082,-0.448999,0.14299,-3.140066,-0.72926,-0.168738,0.001689,**,0.141884,False,52.2
post_rank,Y_3 = post_rank  (admitted URLs; LOWER number = better),A,Spec A (single treatment + 28 confounders),ENG:ddg,engine = DuckDuckGo,treat_freshness,T6,101894,-0.020958,0.007338,-2.856061,-0.035341,-0.006575,0.004289,**,0.360303,False,62.1
post_rank,Y_3 = post_rank  (admitted URLs; LOWER number = better),A,Spec A (single treatment + 28 confounders),ENG:ddg,engine = DuckDuckGo,has_llms_txt,T_llms_txt,93526,-0.009948,0.030843,-0.322524,-0.070399,0.050504,0.747056,,1.0,False,57.8
post_rank,Y_3 = post_rank  (admitted URLs; LOWER number = better),A,Spec A (single treatment + 28 confounders),ENG:searxng,engine = SearXNG,treat_stats_density,T1b,179023,-0.008821,0.002376,-3.711885,-0.013479,-0.004163,0.000206,***,0.017281,True,69.5
post_rank,Y_3 = post_rank  (admitted URLs; LOWER number = better),A,Spec A (single treatment + 28 confounders),ENG:searxng,engine = SearXNG,treat_question_headings,T2a,187522,-0.030203,0.019533,-1.546227,-0.068488,0.008082,0.12205,,1.0,False,73.2
post_rank,Y_3 = post_rank  (admitted URLs; LOWER number = better),A,Spec A (single treatment + 28 confounders),ENG:searxng,engine = SearXNG,treat_structured_data,T3,187522,0.140743,0.017984,7.825872,0.105494,0.175992,0.0,***,0.0,True,71.8
post_rank,Y_3 = post_rank  (admitted URLs; LOWER number = better),A,Spec A (single treatment + 28 confounders),ENG:searxng,engine = SearXNG,T4_citation_authority_code,T4_code,126730,-0.033068,0.01139,-2.90338,-0.055392,-0.010745,0.003692,**,0.310093,False,65.6
post_rank,Y_3 = post_rank  (admitted URLs; LOWER number = better),A,Spec A (single treatment + 28 confounders),ENG:searxng,engine = SearXNG,treat_topical_comp,T5,193611,-0.158234,0.06115,-2.587654,-0.278087,-0.038381,0.009663,**,0.811708,False,71.9
post_rank,Y_3 = post_rank  (admitted URLs; LOWER number = better),A,Spec A (single treatment + 28 confounders),ENG:searxng,engine = SearXNG,treat_freshness,T6,187522,0.041168,0.005004,8.227267,0.031361,0.050976,0.0,***,0.0,True,75.9
post_rank,Y_3 = post_rank  (admitted URLs; LOWER number = better),A,Spec A (single treatment + 28 confounders),ENG:searxng,engine = SearXNG,has_llms_txt,T_llms_txt,140011,0.080676,0.024786,3.254894,0.032095,0.129256,0.001134,**,0.095285,False,63.8
post_rank,Y_3 = post_rank  (admitted URLs; LOWER number = better),A,Spec A (single treatment + 28 confounders),MOD:Llama,model  = Llama-3.3-70B-Instruct,treat_stats_density,T1b,138621,-0.005393,0.002103,-2.56508,-0.009514,-0.001272,0.010315,*,0.866478,False,64.6
post_rank,Y_3 = post_rank  (admitted URLs; LOWER number = better),A,Spec A (single treatment + 28 confounders),MOD:Llama,model  = Llama-3.3-70B-Instruct,treat_question_headings,T2a,144317,-0.035536,0.021485,-1.653987,-0.077647,0.006575,0.09813,·,1.0,False,64.0
post_rank,Y_3 = post_rank  (admitted URLs; LOWER number = better),A,Spec A (single treatment + 28 confounders),MOD:Llama,model  = Llama-3.3-70B-Instruct,treat_structured_data,T3,144317,0.116749,0.02011,5.805557,0.077334,0.156164,0.0,***,1e-06,True,66.8
post_rank,Y_3 = post_rank  (admitted URLs; LOWER number = better),A,Spec A (single treatment + 28 confounders),MOD:Llama,model  = Llama-3.3-70B-Instruct,T4_citation_authority_code,T4_code,104381,-0.006239,0.007332,-0.850979,-0.020609,0.008131,0.394781,,1.0,False,61.5
post_rank,Y_3 = post_rank  (admitted URLs; LOWER number = better),A,Spec A (single treatment + 28 confounders),MOD:Llama,model  = Llama-3.3-70B-Instruct,treat_topical_comp,T5,120201,-0.205702,0.075749,-2.715574,-0.35417,-0.057234,0.006616,**,0.555752,False,61.1
post_rank,Y_3 = post_rank  (admitted URLs; LOWER number = better),A,Spec A (single treatment + 28 confounders),MOD:Llama,model  = Llama-3.3-70B-Instruct,treat_freshness,T6,144317,0.016758,0.00555,3.019318,0.00588,0.027637,0.002533,**,0.21281,False,64.6
post_rank,Y_3 = post_rank  (admitted URLs; LOWER number = better),A,Spec A (single treatment + 28 confounders),MOD:Llama,model  = Llama-3.3-70B-Instruct,has_llms_txt,T_llms_txt,116085,-0.032907,0.02511,-1.310493,-0.082123,0.016309,0.190029,,1.0,False,60.7
post_rank,Y_3 = post_rank  (admitted URLs; LOWER number = better),A,Spec A (single treatment + 28 confounders),MOD:Qwen2.5,model  = Qwen2.5-72B-Instruct,treat_stats_density,T1b,139505,-0.000564,0.002095,-0.269283,-0.00467,0.003542,0.787712,,1.0,False,65.6
post_rank,Y_3 = post_rank  (admitted URLs; LOWER number = better),A,Spec A (single treatment + 28 confounders),MOD:Qwen2.5,model  = Qwen2.5-72B-Instruct,treat_question_headings,T2a,145099,-0.049624,0.02134,-2.325335,-0.091451,-0.007796,0.020054,*,1.0,False,64.0
post_rank,Y_3 = post_rank  (admitted URLs; LOWER number = better),A,Spec A (single treatment + 28 confounders),MOD:Qwen2.5,model  = Qwen2.5-72B-Instruct,treat_structured_data,T3,145099,0.085276,0.019992,4.265467,0.046091,0.124461,2e-05,***,0.001676,True,69.8
post_rank,Y_3 = post_rank  (admitted URLs; LOWER number = better),A,Spec A (single treatment + 28 confounders),MOD:Qwen2.5,model  = Qwen2.5-72B-Instruct,T4_citation_authority_code,T4_code,105114,-0.014561,0.007709,-1.888771,-0.029671,0.000549,0.058923,·,1.0,False,59.1
post_rank,Y_3 = post_rank  (admitted URLs; LOWER number = better),A,Spec A (single treatment + 28 confounders),MOD:Qwen2.5,model  = Qwen2.5-72B-Instruct,treat_topical_comp,T5,123492,-0.195565,0.073594,-2.657341,-0.33981,-0.05132,0.007876,**,0.661583,False,63.4
post_rank,Y_3 = post_rank  (admitted URLs; LOWER number = better),A,Spec A (single treatment + 28 confounders),MOD:Qwen2.5,model  = Qwen2.5-72B-Instruct,treat_freshness,T6,145099,0.011525,0.005514,2.090163,0.000718,0.022332,0.036603,*,1.0,False,69.6
post_rank,Y_3 = post_rank  (admitted URLs; LOWER number = better),A,Spec A (single treatment + 28 confounders),MOD:Qwen2.5,model  = Qwen2.5-72B-Instruct,has_llms_txt,T_llms_txt,117452,0.029328,0.025357,1.156633,-0.020371,0.079027,0.247422,,1.0,False,60.4
post_rank,Y_3 = post_rank  (admitted URLs; LOWER number = better),A,Spec A (single treatment + 28 confounders),POOL:20,pool   = 20 URLs,treat_stats_density,T1b,125051,-0.003,0.00257,-1.167508,-0.008037,0.002037,0.243005,,1.0,False,63.9
post_rank,Y_3 = post_rank  (admitted URLs; LOWER number = better),A,Spec A (single treatment + 28 confounders),POOL:20,pool   = 20 URLs,treat_question_headings,T2a,129913,-0.033292,0.023264,-1.43104,-0.07889,0.012306,0.152419,,1.0,False,63.1
post_rank,Y_3 = post_rank  (admitted URLs; LOWER number = better),A,Spec A (single treatment + 28 confounders),POOL:20,pool   = 20 URLs,treat_structured_data,T3,129913,0.155395,0.02172,7.154585,0.112824,0.197965,0.0,***,0.0,True,63.9
post_rank,Y_3 = post_rank  (admitted URLs; LOWER number = better),A,Spec A (single treatment + 28 confounders),POOL:20,pool   = 20 URLs,T4_citation_authority_code,T4_code,105269,-0.008553,0.008176,-1.046059,-0.024578,0.007472,0.295534,,1.0,False,63.9
post_rank,Y_3 = post_rank  (admitted URLs; LOWER number = better),A,Spec A (single treatment + 28 confounders),POOL:20,pool   = 20 URLs,treat_topical_comp,T5,108269,-0.076464,0.082896,-0.922406,-0.23894,0.086012,0.356317,,1.0,False,61.8
post_rank,Y_3 = post_rank  (admitted URLs; LOWER number = better),A,Spec A (single treatment + 28 confounders),POOL:20,pool   = 20 URLs,treat_freshness,T6,129913,0.03692,0.005941,6.213844,0.025274,0.048565,0.0,***,0.0,True,64.5
post_rank,Y_3 = post_rank  (admitted URLs; LOWER number = better),A,Spec A (single treatment + 28 confounders),POOL:20,pool   = 20 URLs,has_llms_txt,T_llms_txt,117413,0.012953,0.025107,0.515906,-0.036257,0.062163,0.60592,,1.0,False,58.6
post_rank,Y_3 = post_rank  (admitted URLs; LOWER number = better),A,Spec A (single treatment + 28 confounders),POOL:50,pool   = 50 URLs,treat_stats_density,T1b,153075,-0.001166,0.002243,-0.52,-0.005562,0.00323,0.603064,,1.0,False,64.7
post_rank,Y_3 = post_rank  (admitted URLs; LOWER number = better),A,Spec A (single treatment + 28 confounders),POOL:50,pool   = 50 URLs,treat_question_headings,T2a,159503,-0.025937,0.02109,-1.229803,-0.067273,0.0154,0.218771,,1.0,False,62.6
post_rank,Y_3 = post_rank  (admitted URLs; LOWER number = better),A,Spec A (single treatment + 28 confounders),POOL:50,pool   = 50 URLs,treat_structured_data,T3,159503,0.056682,0.019635,2.886841,0.018198,0.095167,0.003891,**,0.32687,False,65.4
post_rank,Y_3 = post_rank  (admitted URLs; LOWER number = better),A,Spec A (single treatment + 28 confounders),POOL:50,pool   = 50 URLs,T4_citation_authority_code,T4_code,104226,-0.013782,0.00917,-1.502921,-0.031755,0.004191,0.13286,,1.0,False,53.7
post_rank,Y_3 = post_rank  (admitted URLs; LOWER number = better),A,Spec A (single treatment + 28 confounders),POOL:50,pool   = 50 URLs,treat_topical_comp,T5,135424,-0.331008,0.074053,-4.469899,-0.476151,-0.185864,8e-06,***,0.000657,True,60.3
post_rank,Y_3 = post_rank  (admitted URLs; LOWER number = better),A,Spec A (single treatment + 28 confounders),POOL:50,pool   = 50 URLs,treat_freshness,T6,159503,0.000923,0.005376,0.171666,-0.009614,0.011459,0.8637,,1.0,False,64.8
post_rank,Y_3 = post_rank  (admitted URLs; LOWER number = better),A,Spec A (single treatment + 28 confounders),POOL:50,pool   = 50 URLs,has_llms_txt,T_llms_txt,116124,-0.003023,0.026657,-0.113406,-0.05527,0.049224,0.909709,,1.0,False,54.7
post_rank,Y_3 = post_rank  (admitted URLs; LOWER number = better),B,"Spec B (single + 6 other treatments + 28 confounders, mutually controlled)",POOLED,all rows (no slicing),treat_stats_density,T1b,200000,-0.001494,0.001864,-0.801935,-0.005147,0.002158,0.42259,,1.0,False,73.9
post_rank,Y_3 = post_rank  (admitted URLs; LOWER number = better),B,"Spec B (single + 6 other treatments + 28 confounders, mutually controlled)",POOLED,all rows (no slicing),treat_question_headings,T2a,200000,-0.038043,0.018617,-2.043428,-0.074533,-0.001553,0.04101,*,1.0,False,71.1
post_rank,Y_3 = post_rank  (admitted URLs; LOWER number = better),B,"Spec B (single + 6 other treatments + 28 confounders, mutually controlled)",POOLED,all rows (no slicing),treat_structured_data,T3,200000,0.093719,0.01957,4.788839,0.055361,0.132077,2e-06,***,0.000141,True,71.5
post_rank,Y_3 = post_rank  (admitted URLs; LOWER number = better),B,"Spec B (single + 6 other treatments + 28 confounders, mutually controlled)",POOLED,all rows (no slicing),T4_citation_authority_code,T4_code,200000,-0.016583,0.00658,-2.520258,-0.029479,-0.003686,0.011727,*,0.985059,False,75.5
post_rank,Y_3 = post_rank  (admitted URLs; LOWER number = better),B,"Spec B (single + 6 other treatments + 28 confounders, mutually controlled)",POOLED,all rows (no slicing),treat_topical_comp,T5,200000,-0.291833,0.059981,-4.865395,-0.409397,-0.17427,1e-06,***,9.6e-05,True,71.5
post_rank,Y_3 = post_rank  (admitted URLs; LOWER number = better),B,"Spec B (single + 6 other treatments + 28 confounders, mutually controlled)",POOLED,all rows (no slicing),treat_freshness,T6,200000,0.004308,0.005273,0.817027,-0.006027,0.014644,0.413913,,1.0,False,71.0
post_rank,Y_3 = post_rank  (admitted URLs; LOWER number = better),B,"Spec B (single + 6 other treatments + 28 confounders, mutually controlled)",POOLED,all rows (no slicing),has_llms_txt,T_llms_txt,200000,-0.0185,0.019704,-0.9389,-0.057121,0.02012,0.347782,,1.0,False,70.5
